canonical_handle,canonical_handle_source,liquipedia_page_title,liquipedia_url,resolution_status,resolution_confidence,account_ids,steam_ids,observed_names,liquipedia_handles,legal_names,romanized_names,tournament_count,tournaments,resolution_evidence,scope_role,primary_tournaments,supplemental_tournaments
12,tournament_teamcard.observed_name,,,unresolved_name_only,low,,,12,,,,1,joinDOTA Masters IV,observed_name_only,primary_only,joinDOTA Masters IV,
13nu,tournament_teamcard.observed_name,,,unresolved_name_only,low,,,13nu,,,,3,The Defense Season 1 | Malaysia Invitational | joinDOTA Masters IV,observed_name_only,primary_only,The Defense Season 1 | Malaysia Invitational | joinDOTA Masters IV,
1437,liquipedia_player_infobox.id,1437,https://liquipedia.net/dota2/1437,resolved_with_player_page_and_ids,high,87196890,76561198047462618 (derived),1437,1437 | Rose,Sivatheeban Sivanathapillai,,2,The International 2011 | The Defense Season 1,player_page_infobox | player_page_account_id,primary_with_supplemental,The Defense Season 1,The International 2011
17,tournament_teamcard.observed_name,,,unresolved_name_only,low,,,17,,,,1,joinDOTA Masters IV,observed_name_only,primary_only,joinDOTA Masters IV,
19,tournament_teamcard.observed_name,,,unresolved_name_only,low,,,19,,,,1,joinDOTA Masters IV,observed_name_only,primary_only,joinDOTA Masters IV,
69,tournament_teamcard.observed_name,,,unresolved_name_only,low,,,69,,,,1,joinDOTA Masters IV,observed_name_only,primary_only,joinDOTA Masters IV,
AA,tournament_teamcard.observed_name,,,unresolved_name_only,low,,,AA,,,,1,joinDOTA Masters IV,teamcard_link | observed_name_only,primary_only,joinDOTA Masters IV,
aabBAA,liquipedia_player_infobox.id,AabBAA,https://liquipedia.net/dota2/AabBAA,resolved_with_player_page_and_ids,high,91191651,76561198051457379 (derived),aabBAA,aabBAA | AabBAA,ชานนท์ ชิวปรีชา,Chanon Chiwpreecha,4,The International 2011 | The Defense Season 1 | Malaysia Invitational | joinDOTA Masters IV,player_page_infobox | player_page_account_id,primary_with_supplemental,The Defense Season 1 | Malaysia Invitational | joinDOTA Masters IV,The International 2011
Akke,liquipedia_player_infobox.id,Akke,https://liquipedia.net/dota2/Akke,resolved_with_player_page_and_ids,high,41288955,76561198001554683 (derived),Akke,Akke | Wilhelm,Joakim Akterhall,,5,The Premier League Season 1 | D2E Challenge | Dota2Replays Brawl | StarLadder StarSeries Season 1 | joinDOTA Masters I,player_page_infobox | player_page_account_id,primary_only,The Premier League Season 1 | D2E Challenge | Dota2Replays Brawl | StarLadder StarSeries Season 1 | joinDOTA Masters I,
Alanter,tournament_teamcard.observed_name,,,unresolved_name_only,low,,,Alanter,,,,1,Razer Dota 2 Tournament,observed_name_only,primary_only,Razer Dota 2 Tournament,
Alex,liquipedia_player_infobox.id,Alex,https://liquipedia.net/dota2/Alex,resolved_with_player_page_and_ids,high,37105332,76561197997371060 (derived),Alex,Alex | Alex-,Alexander Reinhardt,,1,The Defense Season 1,player_page_infobox | player_page_account_id,primary_only,The Defense Season 1,
ANdre,tournament_teamcard.observed_name,,,unresolved_name_only,low,,,ANdre | Andre,,,,4,Electronic Sports World Cup 2011 | The Defense Season 1 | DreamHack Winter 2011 | The Premier League Season 1,observed_name_only,primary_only,Electronic Sports World Cup 2011 | The Defense Season 1 | DreamHack Winter 2011 | The Premier League Season 1,
AngeL,tournament_teamcard.observed_name,,,resolved_with_teamcard_account_id_only,medium,8517055,76561197968782783 (derived),AngeL,,,,6,The International 2011 | Electronic Sports World Cup 2011 | The Defense Season 1 | DreamHack Winter 2011 | The Premier League Season 1 | D2E Challenge,observed_name_only | manual_override_account_id,primary_with_supplemental,Electronic Sports World Cup 2011 | The Defense Season 1 | DreamHack Winter 2011 | The Premier League Season 1 | D2E Challenge,The International 2011
ARS,tournament_teamcard.observed_name,,,resolved_with_teamcard_account_id_only,medium,89425982,76561198049691710 (derived),ARS,,,,2,Electronic Sports World Cup 2011 | WCG Asian Championship 2011,observed_name_only | manual_override_account_id,primary_only,Electronic Sports World Cup 2011 | WCG Asian Championship 2011,
Artstyle,liquipedia_player_infobox.id,Artstyle,https://liquipedia.net/dota2/Artstyle,resolved_with_player_page_and_ids,high,176184718,76561198136450446 (derived),Artstyle | ArtStyle,Artstyle | diesel,Іван Антонов,Ivan Antonov,2,The International 2011 | StarLadder StarSeries Season 1,player_page_infobox | player_page_account_id,primary_with_supplemental,StarLadder StarSeries Season 1,The International 2011
ast0n,tournament_teamcard.observed_name,,,unresolved_name_only,low,,,ast0n,,,,2,Electronic Sports World Cup 2011 | DreamHack Winter 2011,observed_name_only,primary_only,Electronic Sports World Cup 2011 | DreamHack Winter 2011,
asuna,tournament_teamcard.observed_name,,,unresolved_name_only,low,,,asuna,,,,1,The Defense Season 1,teamcard_link | observed_name_only,primary_only,The Defense Season 1,
athraxxx,tournament_teamcard.observed_name,,,unresolved_name_only,low,,,athraxxx,,,,1,WCG Asian Championship 2011,observed_name_only,primary_only,WCG Asian Championship 2011,
Atze,liquipedia_player_infobox.id,Atze,https://liquipedia.net/dota2/Atze,resolved_with_player_page_and_ids,high,20771881,76561197981037609 (derived),Atze,Atze,Marcel Binz,,1,JeeDota2 Championship #1,player_page_infobox | teamcard_account_id | player_page_account_id,primary_only,JeeDota2 Championship #1,
Away,tournament_teamcard.observed_name,,,resolved_with_teamcard_account_id_only,medium,71581150,76561198031846878 (derived),Away,,,,1,JeeDota2 Championship #1,teamcard_account_id,primary_only,JeeDota2 Championship #1,
Awoke,liquipedia_player_infobox.id,Awoke,https://liquipedia.net/dota2/Awoke,resolved_with_player_page_and_ids,high,86016761,76561198046282489 (derived),Awoke,Awoke | Qeki | haAaDes,叶靓,Ye Jing,2,The International 2011 | joinDOTA Masters IV,player_page_infobox | player_page_account_id,primary_with_supplemental,joinDOTA Masters IV,The International 2011
ayschrenn,tournament_teamcard.observed_name,,,resolved_with_teamcard_account_id_only,medium,86907802,76561198047173530 (derived),ayschrenn,,,,1,JeeDota2 Championship #1,teamcard_account_id,primary_only,JeeDota2 Championship #1,
B,liquipedia_player_infobox.id,B,https://liquipedia.net/dota2/B,resolved_with_player_page_and_ids,high,29904110,76561197990169838 (derived),bLeeK | B,B | bLeeK | chad,Scott Jensen,,3,The Defense Season 1 | JeeDota2 Championship #1 | joinDOTA Masters IV,player_page_infobox | teamcard_account_id | player_page_account_id,primary_only,The Defense Season 1 | JeeDota2 Championship #1 | joinDOTA Masters IV,
BABARR,tournament_teamcard.observed_name,,,resolved_with_teamcard_account_id_only,medium,86895585,76561198047161313 (derived),BABARR,,,,1,The Defense Season 1,observed_name_only | manual_override_account_id,primary_only,The Defense Season 1,
BABARRR,tournament_teamcard.observed_name,,,unresolved_name_only,low,,,BABARRR,,,,1,Electronic Sports World Cup 2011,observed_name_only,primary_only,Electronic Sports World Cup 2011,
BAJA-,tournament_teamcard.observed_name,,,resolved_with_teamcard_account_id_only,medium,58675374,76561198018941102 (derived),BAJA- | Baja,,,,4,Electronic Sports World Cup 2011 | The Defense Season 1 | DreamHack Winter 2011 | The Premier League Season 1,observed_name_only | manual_override_account_id,primary_only,Electronic Sports World Cup 2011 | The Defense Season 1 | DreamHack Winter 2011 | The Premier League Season 1,
BeaR,tournament_teamcard.observed_name,,,unresolved_name_only,low,,,BeaR,,,,1,Electronic Sports World Cup 2011,observed_name_only,primary_only,Electronic Sports World Cup 2011,
belalking,tournament_teamcard.observed_name,,,unresolved_name_only,low,,,belalking,,,,1,WCG Asian Championship 2011,observed_name_only,primary_only,WCG Asian Championship 2011,
Bentzer,tournament_teamcard.observed_name,,,unresolved_name_only,low,,,Bentzer | bentzer,,,,2,Electronic Sports World Cup 2011 | DreamHack Winter 2011,observed_name_only,primary_only,Electronic Sports World Cup 2011 | DreamHack Winter 2011,
Bl00DAnGeL,liquipedia_player_infobox.id,Bl00DAnGeL,https://liquipedia.net/dota2/Bl00DAnGeL,resolved_with_player_page_and_ids,high,86924586,76561198047190314 (derived),Bl00DAnGeL | Bl00DAnGel,Bl00DAnGeL | BloodAngel | BlooDAnGeL,Вадим Трушкин,Vadim Trushkin,2,Dota2 Star Championship | StarLadder StarSeries Season 1,player_page_infobox | player_page_account_id,primary_with_supplemental,StarLadder StarSeries Season 1,Dota2 Star Championship
BlackMoon,tournament_teamcard.observed_name,,,unresolved_name_only,low,,,BlackMoon,,,,1,WCG Asian Championship 2011,observed_name_only,primary_only,WCG Asian Championship 2011,
Blitzennn,tournament_teamcard.observed_name,,,unresolved_name_only,low,,,Blitzennn,,,,1,DreamHack Winter 2011,observed_name_only,primary_only,DreamHack Winter 2011,
Bomben,tournament_teamcard.observed_name,,,unresolved_name_only,low,,,Bomben,,,,1,DreamHack Winter 2011,observed_name_only,primary_only,DreamHack Winter 2011,
bonzajaj,tournament_teamcard.observed_name,,,resolved_with_teamcard_account_id_only,medium,71983243,76561198032248971 (derived),bonzajaj,,,,1,The Defense Season 1,observed_name_only | manual_override_account_id,primary_only,The Defense Season 1,
Bouncy,tournament_teamcard.observed_name,,,unresolved_name_only,low,,,Bouncy,,,,1,WCG Asian Championship 2011,observed_name_only,primary_only,WCG Asian Championship 2011,
BuLba,liquipedia_player_infobox.id,BuLba,https://liquipedia.net/dota2/BuLba,resolved_with_player_page_and_ids,high,30237211,76561197990502939 (derived),BuLba,BuLba | flow | BuLba-SaUr,ಕನಿಶ್ಕ ಸೋಸಲೆ,Kanishka Sosale,1,The Defense Season 1,player_page_infobox | player_page_account_id,primary_only,The Defense Season 1,
Buugi,liquipedia_player_infobox.id,Buugi,https://liquipedia.net/dota2/Buugi,resolved_with_player_page_and_ids,high,24009418,76561197984275146 (derived),Buugi,Buugi,Joni Fält,,1,The Defense Season 1,player_page_infobox | player_page_account_id,primary_only,The Defense Season 1,
CalculuS,tournament_teamcard.observed_name,,,unresolved_name_only,low,,,CalculuS,,,,3,The International 2011 | Electronic Sports World Cup 2011 | DreamHack Winter 2011,observed_name_only,primary_with_supplemental,Electronic Sports World Cup 2011 | DreamHack Winter 2011,The International 2011
Ceb,liquipedia_player_infobox.id,Ceb,https://liquipedia.net/dota2/Ceb,resolved_with_player_page_and_ids,high,88271237,76561198048536965 (derived),7ckngMad | 7ckngmad,Ceb | Fuckingmad | Madshka | 7Mad | 7ckngMad,Sébastien Félix Albert Debs,,6,Electronic Sports World Cup 2011 | The Defense Season 1 | DreamHack Winter 2011 | Dota2 Star Championship | JeeDota2 Championship #1 | joinDOTA Masters I,player_page_infobox | teamcard_account_id | player_page_account_id,primary_with_supplemental,Electronic Sports World Cup 2011 | The Defense Season 1 | DreamHack Winter 2011 | JeeDota2 Championship #1 | joinDOTA Masters I,Dota2 Star Championship
celdo,tournament_teamcard.observed_name,,,resolved_with_teamcard_account_id_only,medium,4945631,76561197965211359 (derived),celdo,,,,1,JeeDota2 Championship #1,teamcard_account_id,primary_only,JeeDota2 Championship #1,
Chibix,liquipedia_player_infobox.id,Chibix,https://liquipedia.net/dota2/Chibix,resolved_with_player_page_and_ids,high,89654154,76561198049919882 (derived),Chibix33,Chibix | Chibix33 | Chibi,Joel Chan Jian Yong,,1,Malaysia Invitational,player_page_infobox | player_page_account_id,primary_only,Malaysia Invitational,
ChuaN,liquipedia_player_infobox.id,ChuaN,https://liquipedia.net/dota2/ChuaN,resolved_with_player_page_and_ids,high,88553213,76561198048818941 (derived),ChuaN,ChuaN,黄福全,Wong Hock Chuan,1,joinDOTA Masters IV,player_page_infobox | player_page_account_id,primary_only,joinDOTA Masters IV,
CJ7,tournament_teamcard.observed_name,,,unresolved_name_only,low,,,CJ7,,,,1,WCG Asian Championship 2011,observed_name_only,primary_only,WCG Asian Championship 2011,
CK~,tournament_teamcard.observed_name,,,unresolved_name_only,low,,,CK~,,,,1,WCG Asian Championship 2011,observed_name_only,primary_only,WCG Asian Championship 2011,
Coco,tournament_teamcard.observed_name,,,unresolved_name_only,low,,,Coco,,,,2,The Premier League Season 1 | joinDOTA Masters I,observed_name_only,primary_only,The Premier League Season 1 | joinDOTA Masters I,
ComeWithMe,liquipedia_player_infobox.id,ComeWithMe,https://liquipedia.net/dota2/ComeWithMe,resolved_with_player_page_and_ids,high,85375207,76561198045640935 (derived),ComeWithMe,ComeWithMe | CWM,Alexandru Craciunescu,,5,The International 2011 | The Defense Season 1 | The Premier League Season 1 | Infused Cup | joinDOTA Masters I,player_page_infobox | player_page_account_id,primary_with_supplemental,The Defense Season 1 | The Premier League Season 1 | Infused Cup | joinDOTA Masters I,The International 2011
craNich,liquipedia_player_infobox.id,CraNich,https://liquipedia.net/dota2/CraNich,resolved_with_player_page_and_ids,high,7932121,76561197968197849 (derived),CraNich | craNich,craNich | CraNich,Petr Meluzin,,3,The International 2011 | Electronic Sports World Cup 2011 | The Defense Season 1,player_page_infobox | player_page_account_id,primary_with_supplemental,Electronic Sports World Cup 2011 | The Defense Season 1,The International 2011
Crydasia,liquipedia_player_infobox.id,Crydasia,https://liquipedia.net/dota2/Crydasia,resolved_with_player_page_and_ids,high,19811260,76561197980076988 (derived),Crydasia,Crydasia | Cry))asia,David Landmesser,,1,joinDOTA Masters I,player_page_infobox | player_page_account_id,primary_only,joinDOTA Masters I,
Cycnical,manual_override,,,resolved_with_teamcard_account_id_only,medium,86767849,76561198047033577 (derived),Cycnical,,,,1,The Defense Season 1,manual_override_account_id | manual_scope_injection,primary_only,The Defense Season 1,
cYso,liquipedia_player_infobox.id,CYso,https://liquipedia.net/dota2/CYso,resolved_with_player_page_and_ids,high,5246156,76561197965511884 (derived),cYso,cYso | CYso,Julius Åberg,,1,JeeDota2 Championship #1,player_page_infobox | teamcard_account_id | player_page_account_id,primary_only,JeeDota2 Championship #1,
d4rkw1sH,tournament_teamcard.observed_name,,,unresolved_name_only,low,,,d4rkw1sH,,,,2,WCG Asian Championship 2011 | Malaysia Invitational,observed_name_only,primary_only,WCG Asian Championship 2011 | Malaysia Invitational,
DaGiraft,tournament_teamcard.observed_name,,,unresolved_name_only,low,,,DaGiraft,,,,1,DreamHack Winter 2011,observed_name_only,primary_only,DreamHack Winter 2011,
Deadmage,tournament_teamcard.observed_name,,,unresolved_name_only,low,,,Deadmage,,,,1,The Defense Season 1,observed_name_only,primary_only,The Defense Season 1,
DeMenT,tournament_teamcard.observed_name,,,resolved_with_teamcard_account_id_only,medium,86561084,76561198046826812 (derived),DeMenT | DeMeNt,,,,3,The Defense Season 1 | Dota2Replays Brawl | joinDOTA Masters I,observed_name_only | manual_override_account_id,primary_only,The Defense Season 1 | Dota2Replays Brawl | joinDOTA Masters I,
DeMoN,liquipedia_player_infobox.id,DeMoN,https://liquipedia.net/dota2/DeMoN,resolved_with_player_page_and_ids,high,85805514,76561198046071242 (derived),DeMoN | Demon,DeMoN | Pegasus,Jimmy Ho,,3,The International 2011 | The Defense Season 1 | joinDOTA Masters I,player_page_infobox | player_page_account_id,primary_with_supplemental,The Defense Season 1 | joinDOTA Masters I,The International 2011
Dendi,liquipedia_player_infobox.id,Dendi,https://liquipedia.net/dota2/Dendi,resolved_with_player_page_and_ids,high,70388657,76561198030654385 (derived),Dendi,Dendi,Данило Ішутін,Danil Ishutin,6,The International 2011 | Electronic Sports World Cup 2011 | The Defense Season 1 | Dota2 Star Championship | The Premier League Season 1 | StarLadder StarSeries Season 1,player_page_infobox | player_page_account_id,primary_with_supplemental,Electronic Sports World Cup 2011 | The Defense Season 1 | The Premier League Season 1 | StarLadder StarSeries Season 1,The International 2011 | Dota2 Star Championship
Dhany,tournament_teamcard.observed_name,,,unresolved_name_only,low,,,Dhany,,,,3,The Defense Season 1 | DreamHack Winter 2011 | Dota2 Star Championship,observed_name_only,primary_with_supplemental,The Defense Season 1 | DreamHack Winter 2011,Dota2 Star Championship
Digestivee,tournament_teamcard.observed_name,,,unresolved_name_only,low,,,Digestivee,,,,1,DreamHack Winter 2011,observed_name_only,primary_only,DreamHack Winter 2011,
Dread,liquipedia_player_infobox.id,Dread,https://liquipedia.net/dota2/Dread,resolved_with_player_page_and_ids,high,89782335,76561198050048063 (derived),Dread,Dread | Dreadisback | YuraSmolensk43,Андрей Голубев,Andrey Golubev,3,The International 2011 | Electronic Sports World Cup 2011 | StarLadder StarSeries Season 1,player_page_infobox | player_page_account_id,primary_with_supplemental,Electronic Sports World Cup 2011 | StarLadder StarSeries Season 1,The International 2011
dubas,tournament_teamcard.observed_name,,,unresolved_name_only,low,,,dubas,,,,2,Dota2 Star Championship | joinDOTA Masters I,observed_name_only,primary_with_supplemental,joinDOTA Masters I,Dota2 Star Championship
Dutch Freak,liquipedia_player_infobox.id,Dutch Freak,https://liquipedia.net/dota2/Dutch_Freak,resolved_with_player_page_and_ids,high,86767617,76561198047033345 (derived),Dutch Freak,Dutch Freak,Hugo Bos,,1,The Defense Season 1,player_page_infobox | player_page_account_id,primary_only,The Defense Season 1,
Ecela,tournament_teamcard.observed_name,,,unresolved_name_only,low,,,Ecela,,,,1,The Defense Season 1,observed_name_only,primary_only,The Defense Season 1,
EGM,liquipedia_player_infobox.id,EGM,https://liquipedia.net/dota2/EGM,resolved_with_player_page_and_ids,high,3916428,76561197964182156 (derived),EGM,EGM | Doney | Doni,Jerry Lundkvist,,2,The Defense Season 1 | D2E Challenge,player_page_infobox | player_page_account_id,primary_only,The Defense Season 1 | D2E Challenge,
eNtyck,tournament_teamcard.observed_name,,,resolved_with_teamcard_account_id_only,medium,86955220,76561198047220948 (derived),eNtyck,,,,1,JeeDota2 Championship #1,teamcard_account_id,primary_only,JeeDota2 Championship #1,
eon,tournament_teamcard.observed_name,,,unresolved_name_only,low,,,eon,,,,1,WCG Asian Championship 2011,observed_name_only,primary_only,WCG Asian Championship 2011,
eQual,tournament_teamcard.observed_name,,,unresolved_name_only,low,,,eQual,,,,3,Electronic Sports World Cup 2011 | D2E Challenge | joinDOTA Masters I,observed_name_only,primary_only,Electronic Sports World Cup 2011 | D2E Challenge | joinDOTA Masters I,
ET,tournament_teamcard.observed_name,,,resolved_with_teamcard_account_id_only,medium,86815089,76561198047080817 (derived),ET,,,,1,The Defense Season 1,teamcard_link | observed_name_only | manual_override_account_id,primary_only,The Defense Season 1,
Evilsnear,tournament_teamcard.observed_name,,,resolved_with_teamcard_account_id_only,medium,86736858,76561198047002586 (derived),Evilsnear,,,,1,The Defense Season 1,observed_name_only | manual_override_account_id,primary_only,The Defense Season 1,
Fear,liquipedia_player_infobox.id,Fear (Clinton Loomis),https://liquipedia.net/dota2/Fear_(Clinton_Loomis),resolved_with_player_page_and_ids,high,87177591,76561198047443319 (derived),Fear,Fear | FearDarkness | Fear (Clinton Loomis),Clinton Loomis,,3,The International 2011 | The Defense Season 1 | joinDOTA Masters I,player_page_infobox | teamcard_link | player_page_account_id,primary_with_supplemental,The Defense Season 1 | joinDOTA Masters I,The International 2011
Feimao,liquipedia_player_infobox.id,Feimao,https://liquipedia.net/dota2/Feimao,resolved_with_player_page_and_ids,high,85485252,76561198045750980 (derived),Lookball | sD,Feimao | MAWMAW | FeiMao | Lookball | sD,นพดล เผ่าพงษ์ประพันธ์,Noppadon Paopongprapun,2,The International 2011 | The Defense Season 1,player_page_infobox | player_page_account_id,primary_with_supplemental,The Defense Season 1,The International 2011
FFFFFFY,tournament_teamcard.observed_name,,,unresolved_name_only,low,,,FFFFFFY,,,,1,Malaysia Invitational,observed_name_only,primary_only,Malaysia Invitational,
Fire,tournament_teamcard.observed_name,,,resolved_with_teamcard_account_id_only,medium,11603325,76561197971869053 (derived),Fire,,,,1,The Defense Season 1,teamcard_link | observed_name_only | manual_override_account_id,primary_only,The Defense Season 1,
Fishbone,liquipedia_player_infobox.id,Fishbone,https://liquipedia.net/dota2/Fishbone,resolved_with_player_page_and_ids,high,88522876,76561198048788604 (derived),Fishbone,Fishbone,Olle Sjöland Thulin,,2,The Defense Season 1 | D2E Challenge,player_page_infobox | player_page_account_id,primary_only,The Defense Season 1 | D2E Challenge,
Floxplox,tournament_teamcard.observed_name,,,resolved_with_teamcard_account_id_only,medium,86714699,76561198046980427 (derived),Floxplox,,,,1,JeeDota2 Championship #1,teamcard_account_id,primary_only,JeeDota2 Championship #1,
FLUFFNSTUFF,liquipedia_player_infobox.id,FLUFFNSTUFF,https://liquipedia.net/dota2/FLUFFNSTUFF,resolved_with_player_page_and_ids,high,41470731,76561198001736459 (derived),FLUFFNSTUFF,FLUFFNSTUFF,Brian Lee,,3,The Premier League Season 1 | Infused Cup | Dota2Replays Brawl,player_page_infobox | player_page_account_id,primary_only,The Premier League Season 1 | Infused Cup | Dota2Replays Brawl,
FLX,tournament_teamcard.observed_name,,,unresolved_name_only,low,,,FLX,,,,1,joinDOTA Masters I,observed_name_only,primary_only,joinDOTA Masters I,
fragniity,tournament_teamcard.observed_name,,,unresolved_name_only,low,,,fragniity,,,,1,WCG Asian Championship 2011,observed_name_only,primary_only,WCG Asian Championship 2011,
freezer,tournament_teamcard.observed_name,,,resolved_with_teamcard_account_id_only,medium,39226957,76561197999492685 (derived),freezer,,,,4,The Defense Season 1 | The Premier League Season 1 | Infused Cup | joinDOTA Masters I,observed_name_only | manual_override_account_id,primary_only,The Defense Season 1 | The Premier League Season 1 | Infused Cup | joinDOTA Masters I,
Frigoleet,liquipedia_player_infobox.id,Frigoleet,https://liquipedia.net/dota2/Frigoleet,resolved_with_player_page_and_ids,high,81150290,76561198041416018 (derived),Frigoleet,Frigoleet,Jesper Göthe,,1,JeeDota2 Championship #1,player_page_infobox | teamcard_account_id | player_page_account_id,primary_only,JeeDota2 Championship #1,
Funn1k,liquipedia_player_infobox.id,Funn1k,https://liquipedia.net/dota2/Funn1k,resolved_with_player_page_and_ids,high,86723143,76561198046988871 (derived),Funn1k,Funn1k | Geneva146,Гліб Липатніков,Glib Lipatnikov,2,Dota2 Star Championship | joinDOTA Masters I,player_page_infobox | player_page_account_id,primary_with_supplemental,joinDOTA Masters I,Dota2 Star Championship
Funzii,liquipedia_player_infobox.id,Funzii,https://liquipedia.net/dota2/Funzii,resolved_with_player_page_and_ids,high,29337472,76561197989603200 (derived),Funzii,Funzii,Thibault Calonne,,5,The Defense Season 1 | DreamHack Winter 2011 | Dota2 Star Championship | JeeDota2 Championship #1 | joinDOTA Masters I,player_page_infobox | teamcard_account_id | player_page_account_id,primary_with_supplemental,The Defense Season 1 | DreamHack Winter 2011 | JeeDota2 Championship #1 | joinDOTA Masters I,Dota2 Star Championship
G,liquipedia_player_infobox.id,G,https://liquipedia.net/dota2/G,resolved_with_player_page_and_ids,high,87586992,76561198047852720 (derived),God | G,G | God | GodKillThemAll,Сергей Александрович Брагин,Sergei Bragin,4,The International 2011 | Electronic Sports World Cup 2011 | Dota2 Star Championship | StarLadder StarSeries Season 1,player_page_infobox | teamcard_link | player_page_account_id,primary_with_supplemental,Electronic Sports World Cup 2011 | StarLadder StarSeries Season 1,The International 2011 | Dota2 Star Championship
g0g1,liquipedia_player_infobox.id,G0g1,https://liquipedia.net/dota2/G0g1,resolved_with_player_page_and_ids,high,43401453,76561198003667181 (derived),g0g1,g0g1 | nn | GordaN | G0g1,Гордан Прошић,Gordan Prošić,4,Electronic Sports World Cup 2011 | The Defense Season 1 | DreamHack Winter 2011 | The Premier League Season 1,player_page_infobox | player_page_account_id,primary_only,Electronic Sports World Cup 2011 | The Defense Season 1 | DreamHack Winter 2011 | The Premier League Season 1,
garter,liquipedia_player_infobox.id,Garter,https://liquipedia.net/dota2/Garter,resolved_with_player_page_and_ids,high,86793739,76561198047059467 (derived),Garter,garter | Garter,Ylli Ramadani,,1,Electronic Sports World Cup 2011,player_page_infobox | player_page_account_id,primary_only,Electronic Sports World Cup 2011,
Ghost,tournament_teamcard.observed_name,,,unresolved_name_only,low,,,Ghost,,,,1,The Defense Season 1,teamcard_link | observed_name_only,primary_only,The Defense Season 1,
giftig,tournament_teamcard.observed_name,,,resolved_with_teamcard_account_id_only,medium,88018,76561197960353746 (derived),giftig,,,,1,JeeDota2 Championship #1,teamcard_account_id,primary_only,JeeDota2 Championship #1,
Godot,liquipedia_player_infobox.id,Godot,https://liquipedia.net/dota2/Godot,resolved_with_player_page_and_ids,high,34726076,76561197994991804 (derived),Godot,Godot,Darcy Milho Jose,,5,The Premier League Season 1 | Infused Cup | JeeDota2 Championship #1 | Dota2Replays Brawl | joinDOTA Masters IV,player_page_infobox | teamcard_account_id | player_page_account_id,primary_only,The Premier League Season 1 | Infused Cup | JeeDota2 Championship #1 | Dota2Replays Brawl | joinDOTA Masters IV,
gollik,tournament_teamcard.observed_name,,,unresolved_name_only,low,,,gollik,,,,1,Electronic Sports World Cup 2011,observed_name_only,primary_only,Electronic Sports World Cup 2011,
grizine,liquipedia_player_infobox.id,Grizine,https://liquipedia.net/dota2/Grizine,resolved_with_player_page_and_ids,high,90199779,76561198050465507 (derived),grizine,grizine | Grizine,Ненад Лукић,Nenad Lukic,4,Electronic Sports World Cup 2011 | The Defense Season 1 | DreamHack Winter 2011 | The Premier League Season 1,player_page_infobox | player_page_account_id,primary_only,Electronic Sports World Cup 2011 | The Defense Season 1 | DreamHack Winter 2011 | The Premier League Season 1,
Grunt,tournament_teamcard.observed_name,,,resolved_with_teamcard_account_id_only,medium,64048945,76561198024314673 (derived),Grunt,,,,2,The Defense Season 1 | DreamHack Winter 2011,observed_name_only | manual_override_account_id,primary_only,The Defense Season 1 | DreamHack Winter 2011,
Gyu,tournament_teamcard.observed_name,,,unresolved_name_only,low,,,Gyu,,,,2,WCG Asian Championship 2011 | Malaysia Invitational,observed_name_only,primary_only,WCG Asian Championship 2011 | Malaysia Invitational,
HANNAH MONTANA,liquipedia_player_infobox.id,HANNAH MONTANA,https://liquipedia.net/dota2/HANNAH_MONTANA,resolved_with_player_page_and_ids,high,89406397,76561198049672125 (derived),HANNAHMONTANA | HANNAH MONTANA,HANNAH MONTANA,Tony Talavera,,3,The Premier League Season 1 | Infused Cup | Dota2Replays Brawl,player_page_infobox | player_page_account_id,primary_only,The Premier League Season 1 | Infused Cup | Dota2Replays Brawl,
Helvild,tournament_teamcard.observed_name,,,resolved_with_teamcard_account_id_only,medium,89797112,76561198050062840 (derived),Helvild,,,,1,JeeDota2 Championship #1,teamcard_account_id,primary_only,JeeDota2 Championship #1,
Hengky,tournament_teamcard.observed_name,,,unresolved_name_only,low,,,Hengky,,,,1,Malaysia Invitational,observed_name_only,primary_only,Malaysia Invitational,
HOND,tournament_teamcard.observed_name,,,resolved_with_teamcard_account_id_only,medium,457765,76561197960723493 (derived),HOND,,,,1,JeeDota2 Championship #1,teamcard_account_id,primary_only,JeeDota2 Championship #1,
Honk,tournament_teamcard.observed_name,,,unresolved_name_only,low,,,Honk,,,,1,DreamHack Winter 2011,observed_name_only,primary_only,DreamHack Winter 2011,
hyhy,liquipedia_player_infobox.id,Hyhy,https://liquipedia.net/dota2/Hyhy,resolved_with_player_page_and_ids,high,87394977,76561198047660705 (derived),Hyhy | hyhy,hyhy | Hyhy,林汉勇,Benedict Lim Han Yong,5,The International 2011 | The Defense Season 1 | Malaysia Invitational | The Premier League Season 1 | joinDOTA Masters IV,player_page_infobox | player_page_account_id,primary_with_supplemental,The Defense Season 1 | Malaysia Invitational | The Premier League Season 1 | joinDOTA Masters IV,The International 2011
Ice,liquipedia_player_infobox.id,Ice (player),https://liquipedia.net/dota2/Ice_(player),resolved_with_player_page_and_ids,high,93670407,76561198053936135 (derived),Ice,Ice | Ice (player),蔡至财,Chua Chee Cai,3,Malaysia Invitational | Razer Dota 2 Tournament | joinDOTA Masters IV,player_page_infobox | teamcard_link | player_page_account_id,primary_only,Malaysia Invitational | Razer Dota 2 Tournament | joinDOTA Masters IV,
iceiceice,liquipedia_player_infobox.id,Iceiceice,https://liquipedia.net/dota2/Iceiceice,resolved_with_player_page_and_ids,high,84772440,76561198045038168 (derived),iceiceice,iceiceice | Lucifer | 冰冰冰 | Iceiceice,许培祥,Daryl Koh Pei Xiang,3,The International 2011 | The Defense Season 1 | joinDOTA Masters IV,player_page_infobox | player_page_account_id,primary_with_supplemental,The Defense Season 1 | joinDOTA Masters IV,The International 2011
immune,tournament_teamcard.observed_name,,,unresolved_name_only,low,,,immune,,,,1,joinDOTA Masters I,observed_name_only,primary_only,joinDOTA Masters I,
Inmate,liquipedia_player_infobox.id,Inmate,https://liquipedia.net/dota2/Inmate,resolved_with_player_page_and_ids,high,77415789,76561198037681517 (derived),Inmate,Inmate | Inmateoo | Inmate0,Дмитрий Филинов,Dmitry Filinov,1,StarLadder StarSeries Season 1,player_page_infobox | player_page_account_id,primary_only,StarLadder StarSeries Season 1,
inphinity,tournament_teamcard.observed_name,,,resolved_with_teamcard_account_id_only,medium,3246092,76561197963511820 (derived),inphinity,,,,1,The Defense Season 1,observed_name_only | manual_override_account_id,primary_only,The Defense Season 1,
ixmike88,liquipedia_player_infobox.id,Ixmike88,https://liquipedia.net/dota2/Ixmike88,resolved_with_player_page_and_ids,high,86715129,76561198046980857 (derived),ixmike88,ixmike88 | Ixmike88,Michael Ghannam,,3,The Premier League Season 1 | Infused Cup | Dota2Replays Brawl,player_page_infobox | player_page_account_id,primary_only,The Premier League Season 1 | Infused Cup | Dota2Replays Brawl,
Jeyo,liquipedia_player_infobox.id,Jeyo,https://liquipedia.net/dota2/Jeyo,resolved_with_player_page_and_ids,high,87360406,76561198047626134 (derived),Jeyo,Jeyo,Jio Madayag,,3,The Premier League Season 1 | Infused Cup | Dota2Replays Brawl,player_page_infobox | player_page_account_id,primary_only,The Premier League Season 1 | Infused Cup | Dota2Replays Brawl,
Julz,liquipedia_player_infobox.id,Julz,https://liquipedia.net/dota2/Julz,resolved_with_player_page_and_ids,high,256269737,76561198216535465 (derived),Julz,Julz,Julius De Leon,,5,The International 2011 | WCG Asian Championship 2011 | Malaysia Invitational | The Premier League Season 1 | Razer Dota 2 Tournament,player_page_infobox | player_page_account_id,primary_with_supplemental,WCG Asian Championship 2011 | Malaysia Invitational | The Premier League Season 1 | Razer Dota 2 Tournament,The International 2011
K4joy,tournament_teamcard.observed_name,,,unresolved_name_only,low,,,K4joy,,,,1,The Defense Season 1,observed_name_only,primary_only,The Defense Season 1,
Kazu,tournament_teamcard.observed_name,,,unresolved_name_only,low,,,Kazu,,,,1,WCG Asian Championship 2011,observed_name_only,primary_only,WCG Asian Championship 2011,
Kebap,liquipedia_player_infobox.id,Kebap,https://liquipedia.net/dota2/Kebap,resolved_with_player_page_and_ids,high,34552614 | 96873088,76561197994818342 (derived) | 76561198057138816 (derived),Kebap,Kebap,Rene Warner,,2,The International 2011 | The Defense Season 1,player_page_infobox | player_page_account_id | manual_override_account_id,primary_with_supplemental,The Defense Season 1,The International 2011
kekman,tournament_teamcard.observed_name,,,unresolved_name_only,low,,,kekman,,,,2,Electronic Sports World Cup 2011 | DreamHack Winter 2011,observed_name_only,primary_only,Electronic Sports World Cup 2011 | DreamHack Winter 2011,
KeN,tournament_teamcard.observed_name,,,unresolved_name_only,low,,,KeN,,,,1,Razer Dota 2 Tournament,observed_name_only,primary_only,Razer Dota 2 Tournament,
Kev-,tournament_teamcard.observed_name,,,resolved_with_teamcard_account_id_only,medium,87409544,76561198047675272 (derived),Kev-,,,,2,The International 2011 | The Defense Season 1,observed_name_only | manual_override_account_id,primary_with_supplemental,The Defense Season 1,The International 2011
Kexxet,tournament_teamcard.observed_name,,,unresolved_name_only,low,,,Kexxet,,,,1,DreamHack Winter 2011,observed_name_only,primary_only,DreamHack Winter 2011,
KingJ,liquipedia_player_infobox.id,KingJ,https://liquipedia.net/dota2/KingJ,resolved_with_player_page_and_ids,high,89230834,76561198049496562 (derived),KingJ,KingJ,周扬,Zhou Yang,2,The Defense Season 1 | joinDOTA Masters IV,player_page_infobox | player_page_account_id,primary_only,The Defense Season 1 | joinDOTA Masters IV,
Kio,tournament_teamcard.observed_name,,,unresolved_name_only,low,,,Kio,,,,1,Razer Dota 2 Tournament,observed_name_only,primary_only,Razer Dota 2 Tournament,
Knorre,tournament_teamcard.observed_name,,,unresolved_name_only,low,,,Knorre,,,,1,DreamHack Winter 2011,observed_name_only,primary_only,DreamHack Winter 2011,
KoeK,tournament_teamcard.observed_name,,,unresolved_name_only,low,,,KoeK,,,,1,The Defense Season 1,observed_name_only,primary_only,The Defense Season 1,
Krexigor,tournament_teamcard.observed_name,,,unresolved_name_only,low,,,Krexigor,,,,1,DreamHack Winter 2011,observed_name_only,primary_only,DreamHack Winter 2011,
KuroKy,liquipedia_player_infobox.id,KuroKy,https://liquipedia.net/dota2/KuroKy,resolved_with_player_page_and_ids,high,82262664,76561198042528392 (derived),KuroKy,KuroKy | kky,Kuro Salehi Takhasomi,,2,The International 2011 | The Defense Season 1,player_page_infobox | player_page_account_id,primary_with_supplemental,The Defense Season 1,The International 2011
Kuronity,tournament_teamcard.observed_name,,,resolved_with_teamcard_account_id_only,medium,236517,76561197960502245 (derived),Kuronity | kuronity,,,,2,The Defense Season 1 | DreamHack Winter 2011,observed_name_only | manual_override_account_id,primary_only,The Defense Season 1 | DreamHack Winter 2011,
kYxY,liquipedia_player_infobox.id,KYxY,https://liquipedia.net/dota2/KYxY,resolved_with_player_page_and_ids,high,91644707,76561198051910435 (derived),kYxY | KYxY,kYxY | KYxY,李康阳,Lee Kang Yang,6,The International 2011 | WCG Asian Championship 2011 | The Defense Season 1 | Malaysia Invitational | Razer Dota 2 Tournament | joinDOTA Masters IV,player_page_infobox | player_page_account_id,primary_with_supplemental,WCG Asian Championship 2011 | The Defense Season 1 | Malaysia Invitational | Razer Dota 2 Tournament | joinDOTA Masters IV,The International 2011
Lacoste,liquipedia_player_infobox.id,Lacoste,https://liquipedia.net/dota2/Lacoste,resolved_with_player_page_and_ids,high,87264171,76561198047529899 (derived),Lacoste,Lacoste,Dominik Stipić,,3,The International 2011 | The Defense Season 1 | joinDOTA Masters I,player_page_infobox | player_page_account_id,primary_with_supplemental,The Defense Season 1 | joinDOTA Masters I,The International 2011
Laged,tournament_teamcard.observed_name,,,resolved_with_teamcard_account_id_only,medium,41246809,76561198001512537 (derived),Laged,,,,1,The Defense Season 1,observed_name_only | manual_override_account_id,primary_only,The Defense Season 1,
LaKelz,liquipedia_player_infobox.id,LaKelz,https://liquipedia.net/dota2/LaKelz,resolved_with_player_page_and_ids,high,91191397,76561198051457125 (derived),LaKelz,LaKelz | Lk,พิพัฒน์ ปริยชาติ,Pipat Prariyachat,4,The International 2011 | The Defense Season 1 | Malaysia Invitational | joinDOTA Masters IV,player_page_infobox | player_page_account_id,primary_with_supplemental,The Defense Season 1 | Malaysia Invitational | joinDOTA Masters IV,The International 2011
Lambo,tournament_teamcard.observed_name,,,unresolved_name_only,low,,,Lambo,,,,1,Malaysia Invitational,observed_name_only,primary_only,Malaysia Invitational,
LaNm,liquipedia_player_infobox.id,LaNm,https://liquipedia.net/dota2/LaNm,resolved_with_player_page_and_ids,high,89423756,76561198049689484 (derived),LaNm | NUZ | PLT,LaNm | NUZ | PLT | old LaNm,张志成,Zhang Zhicheng,4,The International 2011 | Electronic Sports World Cup 2011 | WCG Asian Championship 2011 | The Defense Season 1,player_page_infobox | player_page_account_id,primary_with_supplemental,Electronic Sports World Cup 2011 | WCG Asian Championship 2011 | The Defense Season 1,The International 2011
Lapiz,liquipedia_player_infobox.id,Lapiz,https://liquipedia.net/dota2/Lapiz,resolved_with_player_page_and_ids,high,4330802,76561197964596530 (derived),Lapiz,Lapiz,Eetu Seppälä,,1,The Defense Season 1,player_page_infobox | player_page_account_id,primary_only,The Defense Season 1,
leaf,tournament_teamcard.observed_name,,,resolved_with_teamcard_account_id_only,medium,24106261,76561197984371989 (derived),leaf | Leaf,,,,3,The Defense Season 1 | JeeDota2 Championship #1 | joinDOTA Masters I,teamcard_link | teamcard_account_id,primary_only,The Defense Season 1 | JeeDota2 Championship #1 | joinDOTA Masters I,
LighTofHeaveN,liquipedia_player_infobox.id,LighTofHeaveN,https://liquipedia.net/dota2/LighTofHeaveN,resolved_with_player_page_and_ids,high,85716771 | 89326318,76561198045982499 (derived) | 76561198049592046 (derived),LighTofHeaveN,LighTofHeaveN | Light | Lost | LostMySelf | LoH,Дмитрий Куприянов,Dmitry Kupriyanov,6,The International 2011 | Electronic Sports World Cup 2011 | The Defense Season 1 | Dota2 Star Championship | The Premier League Season 1 | StarLadder StarSeries Season 1,player_page_infobox | player_page_account_id | manual_override_account_id,primary_with_supplemental,Electronic Sports World Cup 2011 | The Defense Season 1 | The Premier League Season 1 | StarLadder StarSeries Season 1,The International 2011 | Dota2 Star Championship
LikeIGiveAFuck,tournament_teamcard.observed_name,,,resolved_with_teamcard_account_id_only,medium,86736576,76561198047002304 (derived),LikeIGiveAFuck,,,,1,JeeDota2 Championship #1,teamcard_account_id,primary_only,JeeDota2 Championship #1,
ling,liquipedia_player_infobox.id,Ling,https://liquipedia.net/dota2/Ling,resolved_with_player_page_and_ids,high,89268488,76561198049534216 (derived),xiaoling | Ling,ling | Ling,,Cheong Sim Woi,5,The International 2011 | WCG Asian Championship 2011 | The Defense Season 1 | Malaysia Invitational | The Premier League Season 1,player_page_infobox | player_page_account_id,primary_with_supplemental,WCG Asian Championship 2011 | The Defense Season 1 | Malaysia Invitational | The Premier League Season 1,The International 2011
Link,liquipedia_player_infobox.id,Link,https://liquipedia.net/dota2/Link,resolved_with_player_page_and_ids,high,20237599,76561197980503327 (derived),Link,Link | LINK | LinkLink,Sylvester Hoelgaard,,6,The International 2011 | Electronic Sports World Cup 2011 | The Defense Season 1 | DreamHack Winter 2011 | The Premier League Season 1 | D2E Challenge,player_page_infobox | player_page_account_id,primary_with_supplemental,Electronic Sports World Cup 2011 | The Defense Season 1 | DreamHack Winter 2011 | The Premier League Season 1 | D2E Challenge,The International 2011
Lnkn,tournament_teamcard.observed_name,,,unresolved_name_only,low,,,Lnkn,,,,1,DreamHack Winter 2011,observed_name_only,primary_only,DreamHack Winter 2011,
Loda,liquipedia_player_infobox.id,Loda,https://liquipedia.net/dota2/Loda,resolved_with_player_page_and_ids,high,101495620,76561198061761348 (derived),Loda,Loda | Laoda | Lodaberg | LiveAndLetLoda | LordOfDolAmroth,Jonathan Emanuel Berg,,4,The Premier League Season 1 | D2E Challenge | Dota2Replays Brawl | StarLadder StarSeries Season 1,player_page_infobox | player_page_account_id,primary_only,The Premier League Season 1 | D2E Challenge | Dota2Replays Brawl | StarLadder StarSeries Season 1,
Lonely-,tournament_teamcard.observed_name,,,unresolved_name_only,low,,,Lonely-,,,,1,WCG Asian Championship 2011,observed_name_only,primary_only,WCG Asian Championship 2011,
LuCKy,tournament_teamcard.observed_name,,,unresolved_name_only,low,,,LuCKy | LuCky | LucKy,,,,3,Electronic Sports World Cup 2011 | D2E Challenge | joinDOTA Masters I,observed_name_only,primary_only,Electronic Sports World Cup 2011 | D2E Challenge | joinDOTA Masters I,
LuckYOne,tournament_teamcard.observed_name,,,resolved_with_teamcard_account_id_only,medium,86714927,76561198046980655 (derived),LuckYOne,,,,1,JeeDota2 Championship #1,teamcard_account_id,primary_only,JeeDota2 Championship #1,
LuX,tournament_teamcard.observed_name,,,unresolved_name_only,low,,,LuX,,,,1,Malaysia Invitational,observed_name_only,primary_only,Malaysia Invitational,
Ly0n,tournament_teamcard.observed_name,,,resolved_with_teamcard_account_id_only,medium,97170605,76561198057436333 (derived),Ly0n,,,,3,The Defense Season 1 | Infused Cup | joinDOTA Masters I,observed_name_only | manual_override_account_id,primary_only,The Defense Season 1 | Infused Cup | joinDOTA Masters I,
Lyon,tournament_teamcard.observed_name,,,unresolved_name_only,low,,,Lyon,,,,1,The Premier League Season 1,observed_name_only,primary_only,The Premier League Season 1,
Maelk,liquipedia_player_infobox.id,Maelk,https://liquipedia.net/dota2/Maelk,resolved_with_player_page_and_ids,high,59457413,76561198019723141 (derived),Maelk,"Maelk | Milk | MYM.Maelk | ""Ma lek"" | EG.Maelk[RC]",Jacob Toft-Andersen,,2,The International 2011 | The Defense Season 1,player_page_infobox | player_page_account_id,primary_with_supplemental,The Defense Season 1,The International 2011
Mag,liquipedia_player_infobox.id,Mag~,https://liquipedia.net/dota2/Mag~,resolved_with_player_page_and_ids,high,86802844,76561198047068572 (derived),Mag~,Mag | Mag~,Андрій Чіпенко,Andrij Chipenko,2,Dota2 Star Championship | joinDOTA Masters I,player_page_infobox | player_page_account_id,primary_with_supplemental,joinDOTA Masters I,Dota2 Star Championship
Maldejambes,tournament_teamcard.observed_name,,,unresolved_name_only,low,,,Maldejambes,,,,2,The International 2011 | Electronic Sports World Cup 2011,observed_name_only,primary_with_supplemental,Electronic Sports World Cup 2011,The International 2011
MaNia,liquipedia_player_infobox.id,MaNia,https://liquipedia.net/dota2/MaNia,resolved_with_player_page_and_ids,high,85783343,76561198046049071 (derived),MaNia,MaNia,Brian Strandby,,4,The International 2011 | The Defense Season 1 | The Premier League Season 1 | D2E Challenge,player_page_infobox | player_page_account_id,primary_with_supplemental,The Defense Season 1 | The Premier League Season 1 | D2E Challenge,The International 2011
Mantis,liquipedia_player_infobox.id,Mantis,https://liquipedia.net/dota2/Mantis,resolved_with_player_page_and_ids,high,178638015,76561198138903743 (derived),Mantis,Mantis,Ернар Уразбаев,Yernar Urazbayev,3,Electronic Sports World Cup 2011 | D2E Challenge | joinDOTA Masters I,player_page_infobox | player_page_account_id,primary_only,Electronic Sports World Cup 2011 | D2E Challenge | joinDOTA Masters I,
marge,tournament_teamcard.observed_name,,,resolved_with_teamcard_account_id_only,medium,47294378,76561198007560106 (derived),marge,,,,1,The Defense Season 1,observed_name_only | manual_override_account_id,primary_only,The Defense Season 1,
MaRiO,tournament_teamcard.observed_name,,,unresolved_name_only,low,,,MaRiO,,,,1,The Defense Season 1,observed_name_only,primary_only,The Defense Season 1,
Marshhh,tournament_teamcard.observed_name,,,unresolved_name_only,low,,,Marshhh,,,,1,Malaysia Invitational,observed_name_only,primary_only,Malaysia Invitational,
Matori,tournament_teamcard.observed_name,,,resolved_with_teamcard_account_id_only,medium,86742226,76561198047007954 (derived),Matori,,,,1,The Defense Season 1,observed_name_only | manual_override_account_id,primary_only,The Defense Season 1,
Matrim,liquipedia_player_infobox.id,Matrim,https://liquipedia.net/dota2/Matrim,resolved_with_player_page_and_ids,high,75555146 | 102336540,76561198035820874 (derived) | 76561198062602268 (derived),Matrim,Matrim,Sebastian Sundström,,2,The Defense Season 1 | DreamHack Winter 2011,player_page_infobox | player_page_account_id | manual_override_account_id,primary_only,The Defense Season 1 | DreamHack Winter 2011,
MEGAKING1337,tournament_teamcard.observed_name,,,resolved_with_teamcard_account_id_only,medium,23681650,76561197983947378 (derived),MEGAKING1337,,,,1,JeeDota2 Championship #1,teamcard_account_id,primary_only,JeeDota2 Championship #1,
MeiYouLaoBand,tournament_teamcard.observed_name,,,unresolved_name_only,low,,,MeiYouLaoBand,,,,1,Malaysia Invitational,observed_name_only,primary_only,Malaysia Invitational,
Mich,tournament_teamcard.observed_name,,,unresolved_name_only,low,,,Mich,,,,1,Malaysia Invitational,observed_name_only,primary_only,Malaysia Invitational,
micHa,tournament_teamcard.observed_name,,,unresolved_name_only,low,,,micHa,,,,1,joinDOTA Masters I,observed_name_only,primary_only,joinDOTA Masters I,
miGGel,liquipedia_player_infobox.id,MiGGel,https://liquipedia.net/dota2/MiGGel,resolved_with_player_page_and_ids,high,74432222,76561198034697950 (derived),miGGel,miGGel | Døden | MiGGel,Mikkel Berg,,6,The International 2011 | Electronic Sports World Cup 2011 | The Defense Season 1 | DreamHack Winter 2011 | The Premier League Season 1 | D2E Challenge,player_page_infobox | player_page_account_id,primary_with_supplemental,Electronic Sports World Cup 2011 | The Defense Season 1 | DreamHack Winter 2011 | The Premier League Season 1 | D2E Challenge,The International 2011
Mini,liquipedia_player_infobox.id,Mini (Swedish player),https://liquipedia.net/dota2/Mini_(Swedish_player),resolved_with_player_page_and_ids,high,34128052 | 120998268,76561197994393780 (derived) | 76561198081263996 (derived),Mini,Mini | Mini (Swedish player),Hampus Olsson,,2,The Defense Season 1 | D2E Challenge,player_page_infobox | teamcard_link | player_page_account_id | manual_override_account_id,primary_only,The Defense Season 1 | D2E Challenge,
Mirakel,liquipedia_player_infobox.id,Mirakel,https://liquipedia.net/dota2/Mirakel,resolved_with_player_page_and_ids,high,91988610,76561198052254338 (derived),Mirakel,Mirakel,Jesper Nyhlén,,6,The International 2011 | The Premier League Season 1 | D2E Challenge | Dota2Replays Brawl | StarLadder StarSeries Season 1 | joinDOTA Masters I,player_page_infobox | player_page_account_id,primary_with_supplemental,The Premier League Season 1 | D2E Challenge | Dota2Replays Brawl | StarLadder StarSeries Season 1 | joinDOTA Masters I,The International 2011
MISERY,liquipedia_player_infobox.id,MISERY,https://liquipedia.net/dota2/MISERY,resolved_with_player_page_and_ids,high,87382579,76561198047648307 (derived),MiSeRy | Misery,MISERY | MiSeRy | moosery | MiSeRyTheSLAYER | rASmus,Rasmus Berth Filipsen,,3,The International 2011 | The Defense Season 1 | joinDOTA Masters I,player_page_infobox | player_page_account_id,primary_with_supplemental,The Defense Season 1 | joinDOTA Masters I,The International 2011
Mitch,liquipedia_player_infobox.id,Mitch,https://liquipedia.net/dota2/Mitch,resolved_with_player_page_and_ids,high,90180366,76561198050446094 (derived),Mitch,Mitch | Slobodni_Umjetnik | Zmaj,Damir Škaričić,,4,Electronic Sports World Cup 2011 | The Defense Season 1 | DreamHack Winter 2011 | The Premier League Season 1,player_page_infobox | player_page_account_id,primary_only,Electronic Sports World Cup 2011 | The Defense Season 1 | DreamHack Winter 2011 | The Premier League Season 1,
Mixgy,tournament_teamcard.observed_name,,,unresolved_name_only,low,,,Mixgy,,,,1,WCG Asian Championship 2011,observed_name_only,primary_only,WCG Asian Championship 2011,
MMY!,liquipedia_player_infobox.id,MMY,https://liquipedia.net/dota2/MMY,resolved_with_player_page_and_ids,high,89407113,76561198049672841 (derived),X!! | Dai | MMY | MMY!,MMY! | Dai | X!! | MMY,雷增荣,Lei Zengrong,5,The International 2011 | Electronic Sports World Cup 2011 | WCG Asian Championship 2011 | The Defense Season 1 | joinDOTA Masters IV,player_page_infobox | player_page_account_id,primary_with_supplemental,Electronic Sports World Cup 2011 | WCG Asian Championship 2011 | The Defense Season 1 | joinDOTA Masters IV,The International 2011
moods,tournament_teamcard.observed_name,,,resolved_with_teamcard_account_id_only,medium,88282736,76561198048548464 (derived),moods,,,,1,The Defense Season 1,observed_name_only | manual_override_account_id,primary_only,The Defense Season 1,
Morbix,tournament_teamcard.observed_name,,,resolved_with_teamcard_account_id_only,medium,86782933,76561198047048661 (derived),Morbix,,,,1,JeeDota2 Championship #1,teamcard_account_id,primary_only,JeeDota2 Championship #1,
Muga Riptide,tournament_teamcard.observed_name,,,resolved_with_teamcard_account_id_only,medium,86739254,76561198047004982 (derived),Muga Riptide,,,,1,The Defense Season 1,observed_name_only | manual_override_account_id,primary_only,The Defense Season 1,
Munnas,tournament_teamcard.observed_name,,,unresolved_name_only,low,,,Munnas,,,,1,DreamHack Winter 2011,observed_name_only,primary_only,DreamHack Winter 2011,
Mushi,liquipedia_player_infobox.id,Mushi,https://liquipedia.net/dota2/Mushi,resolved_with_player_page_and_ids,high,89871557,76561198050137285 (derived),Mushi,Mushi | MuShi-,蔡宜风,Chai Yee Fung,3,Electronic Sports World Cup 2011 | Malaysia Invitational | joinDOTA Masters IV,player_page_infobox | player_page_account_id,primary_only,Electronic Sports World Cup 2011 | Malaysia Invitational | joinDOTA Masters IV,
Nafari,liquipedia_player_infobox.id,Nafari,https://liquipedia.net/dota2/Nafari,resolved_with_player_page_and_ids,high,104888934,76561198065154662 (derived),NFR,Nafari | NFR,Azam Aljabar Nafari,,1,WCG Asian Championship 2011,player_page_infobox | player_page_account_id,primary_only,WCG Asian Championship 2011,
Net,liquipedia_player_infobox.id,Net (player),https://liquipedia.net/dota2/Net_(player),resolved_with_player_page_and_ids,high,89249333,76561198049515061 (derived),Net,Net | Net (player),林伟斌,Lim Wai Pern,5,The International 2011 | The Defense Season 1 | Malaysia Invitational | The Premier League Season 1 | WCG Asian Championship 2011,player_page_infobox | teamcard_link | player_page_account_id,primary_with_supplemental,The Defense Season 1 | Malaysia Invitational | The Premier League Season 1 | WCG Asian Championship 2011,The International 2011
Nexius,tournament_teamcard.observed_name,,,unresolved_name_only,low,,,Nexius,,,,2,Dota2 Star Championship | joinDOTA Masters I,observed_name_only,primary_with_supplemental,joinDOTA Masters I,Dota2 Star Championship
Nick,tournament_teamcard.observed_name,,,unresolved_name_only,low,,,Nick,,,,1,Malaysia Invitational,observed_name_only,primary_only,Malaysia Invitational,
Nicxh,tournament_teamcard.observed_name,,,unresolved_name_only,low,,,Nicxh,,,,1,Electronic Sports World Cup 2011,observed_name_only,primary_only,Electronic Sports World Cup 2011,
Ninpou,tournament_teamcard.observed_name,,,unresolved_name_only,low,,,Ninpou,,,,1,DreamHack Winter 2011,observed_name_only,primary_only,DreamHack Winter 2011,
Niqua,liquipedia_player_infobox.id,Niqua,https://liquipedia.net/dota2/Niqua,resolved_with_player_page_and_ids,high,25175582,76561197985441310 (derived),Niqua,Niqua,Niclas Westergård,,1,joinDOTA Masters I,player_page_infobox | player_page_account_id,primary_only,joinDOTA Masters I,
nix,tournament_teamcard.observed_name,,,unresolved_name_only,low,,,nix,,,,1,DreamHack Winter 2011,teamcard_link | observed_name_only,primary_only,DreamHack Winter 2011,
noertti,tournament_teamcard.observed_name,,,resolved_with_teamcard_account_id_only,medium,54662003,76561198014927731 (derived),noertti,,,,1,The Defense Season 1,observed_name_only | manual_override_account_id,primary_only,The Defense Season 1,
NoLove,tournament_teamcard.observed_name,,,unresolved_name_only,low,,,NoLove,,,,1,WCG Asian Championship 2011,observed_name_only,primary_only,WCG Asian Championship 2011,
Nookie,tournament_teamcard.observed_name,,,unresolved_name_only,low,,,Nookie,,,,1,DreamHack Winter 2011,observed_name_only,primary_only,DreamHack Winter 2011,
Norrie,tournament_teamcard.observed_name,,,unresolved_name_only,low,,,Norrie,,,,1,WCG Asian Championship 2011,observed_name_only,primary_only,WCG Asian Championship 2011,
NS,liquipedia_player_infobox.id,NS,https://liquipedia.net/dota2/NS,resolved_with_player_page_and_ids,high,93712171,76561198053977899 (derived),NS,NS,Ярослав Владимирович Кузнецов,Yaroslav Kuznetsov,4,The International 2011 | Electronic Sports World Cup 2011 | Dota2 Star Championship | StarLadder StarSeries Season 1,player_page_infobox | player_page_account_id,primary_with_supplemental,Electronic Sports World Cup 2011 | StarLadder StarSeries Season 1,The International 2011 | Dota2 Star Championship
NutZ,liquipedia_player_infobox.id,NutZ,https://liquipedia.net/dota2/NutZ,resolved_with_player_page_and_ids,high,89603649,76561198049869377 (derived),Warnutz | NutZ,NutZ | Warnutz,,Wong Jeng Yih,2,WCG Asian Championship 2011 | Razer Dota 2 Tournament,player_page_infobox | player_page_account_id,primary_only,WCG Asian Championship 2011 | Razer Dota 2 Tournament,
Olich,tournament_teamcard.observed_name,,,unresolved_name_only,low,,,Olich,,,,2,Electronic Sports World Cup 2011 | DreamHack Winter 2011,observed_name_only,primary_only,Electronic Sports World Cup 2011 | DreamHack Winter 2011,
Pajkatt,liquipedia_player_infobox.id,Pajkatt,https://liquipedia.net/dota2/Pajkatt,resolved_with_player_page_and_ids,high,87285329,76561198047551057 (derived),Pajkatt,Pajkatt,Per Anders Olsson Lille,,6,The International 2011 | The Premier League Season 1 | D2E Challenge | Dota2Replays Brawl | StarLadder StarSeries Season 1 | joinDOTA Masters I,player_page_infobox | player_page_account_id,primary_with_supplemental,The Premier League Season 1 | D2E Challenge | Dota2Replays Brawl | StarLadder StarSeries Season 1 | joinDOTA Masters I,The International 2011
paS,liquipedia_player_infobox.id,PaS,https://liquipedia.net/dota2/PaS,resolved_with_player_page_and_ids,high,31078647,76561197991344375 (derived),paS,paS | PaS,Pascal Lohmeier,,1,The Defense Season 1,player_page_infobox | player_page_account_id,primary_only,The Defense Season 1,
PCT,liquipedia_player_infobox.id,PCT,https://liquipedia.net/dota2/PCT,resolved_with_player_page_and_ids,high,89427480,76561198049693208 (derived),PCT,PCT | Cupid_Cat,,Zhang Miaolong,4,Electronic Sports World Cup 2011 | WCG Asian Championship 2011 | The Defense Season 1 | The Premier League Season 1,player_page_infobox | player_page_account_id,primary_only,Electronic Sports World Cup 2011 | WCG Asian Championship 2011 | The Defense Season 1 | The Premier League Season 1,
Pepp3,tournament_teamcard.observed_name,,,resolved_with_teamcard_account_id_only,medium,17374868,76561197977640596 (derived),Pepp3 | pepp3,,,,2,The Defense Season 1 | DreamHack Winter 2011,observed_name_only | manual_override_account_id,primary_only,The Defense Season 1 | DreamHack Winter 2011,
PGG,liquipedia_player_infobox.id,PGG,https://liquipedia.net/dota2/PGG,resolved_with_player_page_and_ids,high,87565571,76561198047831299 (derived),PGG,PGG | plzgogame,Владимир Аносов,Vladimir Anosov,3,Electronic Sports World Cup 2011 | Dota2 Star Championship | StarLadder StarSeries Season 1,player_page_infobox | player_page_account_id,primary_with_supplemental,Electronic Sports World Cup 2011 | StarLadder StarSeries Season 1,Dota2 Star Championship
Ph0eNiiX,tournament_teamcard.observed_name,,,resolved_with_teamcard_account_id_only,medium,87291311,76561198047557039 (derived),Ph0eNiiX,,,,4,Electronic Sports World Cup 2011 | DreamHack Winter 2011 | Dota2 Star Championship | JeeDota2 Championship #1,teamcard_account_id,primary_with_supplemental,Electronic Sports World Cup 2011 | DreamHack Winter 2011 | JeeDota2 Championship #1,Dota2 Star Championship
Ph0eniX,tournament_teamcard.observed_name,,,unresolved_name_only,low,,,Ph0eniX | Ph0enix,,,,2,The International 2011 | The Defense Season 1,observed_name_only,primary_with_supplemental,The Defense Season 1,The International 2011
PhOeNiiX,tournament_teamcard.observed_name,,,unresolved_name_only,low,,,PhOeNiiX,,,,1,joinDOTA Masters I,observed_name_only,primary_only,joinDOTA Masters I,
PiNoY,liquipedia_player_infobox.id,Pinoy,https://liquipedia.net/dota2/Pinoy,resolved_with_player_page_and_ids,high,34930858,76561197995196586 (derived),Pinoy | PiNoY,PiNoY | Pinoy,Alexander Pettersson,,4,The Defense Season 1 | The Premier League Season 1 | D2E Challenge | Dota2Replays Brawl,player_page_infobox | player_page_account_id,primary_only,The Defense Season 1 | The Premier League Season 1 | D2E Challenge | Dota2Replays Brawl,
PLEKK,tournament_teamcard.observed_name,,,resolved_with_teamcard_account_id_only,medium,21080193,76561197981345921 (derived),PLEKK,,,,1,JeeDota2 Championship #1,teamcard_account_id,primary_only,JeeDota2 Championship #1,
PowerNet,tournament_teamcard.observed_name,,,resolved_with_teamcard_account_id_only,medium,14429114,76561197974694842 (derived),PowerNet,,,,1,The Defense Season 1,observed_name_only | manual_override_account_id,primary_only,The Defense Season 1,
PrettyHaw,liquipedia_player_infobox.id,PrettyHaw,https://liquipedia.net/dota2/PrettyHaw,resolved_with_player_page_and_ids,high,89166519,76561198049432247 (derived),PrettyHaw,PrettyHaw,赵嘉彬,Zhao Jiabin,1,The Premier League Season 1,player_page_infobox | player_page_account_id,primary_only,The Premier League Season 1,
profheadshot,liquipedia_player_infobox.id,Profheadshot,https://liquipedia.net/dota2/Profheadshot,resolved_with_player_page_and_ids,high,21918278,76561197982184006 (derived),profheadshot,profheadshot | Profheadshot,Martin Hála,,1,JeeDota2 Championship #1,player_page_infobox | teamcard_account_id | player_page_account_id,primary_only,JeeDota2 Championship #1,
Puppey,liquipedia_player_infobox.id,Puppey,https://liquipedia.net/dota2/Puppey,resolved_with_player_page_and_ids,high,87277951 | 87278757,76561198047543679 (derived) | 76561198047544485 (derived),Puppey,Puppey | Puppet)41(Hydra | ChAoS_hYdRa | PuppzER,Clement Ivanov,,6,The International 2011 | Electronic Sports World Cup 2011 | The Defense Season 1 | Dota2 Star Championship | The Premier League Season 1 | StarLadder StarSeries Season 1,player_page_infobox | player_page_account_id | manual_override_account_id,primary_with_supplemental,Electronic Sports World Cup 2011 | The Defense Season 1 | The Premier League Season 1 | StarLadder StarSeries Season 1,The International 2011 | Dota2 Star Championship
PusHer-StrEet,tournament_teamcard.observed_name,,,unresolved_name_only,low,,,PusHer-StrEet,,,,1,joinDOTA Masters I,observed_name_only,primary_only,joinDOTA Masters I,
Qoj,tournament_teamcard.observed_name,,,unresolved_name_only,low,,,Qoj,,,,1,DreamHack Winter 2011,observed_name_only,primary_only,DreamHack Winter 2011,
QQQ,liquipedia_player_infobox.id,QQQ,https://liquipedia.net/dota2/QQQ,resolved_with_player_page_and_ids,high,89399750,76561198049665478 (derived),QQQ | 357,QQQ | 357,姚羿,Yao Yi,6,The International 2011 | Electronic Sports World Cup 2011 | WCG Asian Championship 2011 | The Defense Season 1 | The Premier League Season 1 | joinDOTA Masters IV,player_page_infobox | player_page_account_id,primary_with_supplemental,Electronic Sports World Cup 2011 | WCG Asian Championship 2011 | The Defense Season 1 | The Premier League Season 1 | joinDOTA Masters IV,The International 2011
r1sk,liquipedia_player_infobox.id,R1sk,https://liquipedia.net/dota2/R1sk,resolved_with_player_page_and_ids,high,86802544,76561198047068272 (derived),r1sk,r1sk | R1sk,David Arnous,,4,The Defense Season 1 | The Premier League Season 1 | Infused Cup | Dota2Replays Brawl,player_page_infobox | player_page_account_id,primary_only,The Defense Season 1 | The Premier League Season 1 | Infused Cup | Dota2Replays Brawl,
r5r5,liquipedia_player_infobox.id,R5r5,https://liquipedia.net/dota2/R5r5,resolved_with_player_page_and_ids,high,96886397,76561198057152125 (derived),r5r5,r5r5 | R5r5,Nattapong Petkong,,1,joinDOTA Masters IV,player_page_infobox | player_page_account_id,primary_only,joinDOTA Masters IV,
Raging Potato,liquipedia_player_infobox.id,Raging Potato,https://liquipedia.net/dota2/Raging_Potato,resolved_with_player_page_and_ids,high,793042450,76561198753308178 (derived),Bimbo | Jay,Raging Potato | Jay | Bimbo | raging-_-potato | ragingpotato | Raging-_-Potato,Ryan Jay Qui,,4,WCG Asian Championship 2011 | Malaysia Invitational | The Premier League Season 1 | Razer Dota 2 Tournament,player_page_infobox | player_page_account_id,primary_only,WCG Asian Championship 2011 | Malaysia Invitational | The Premier League Season 1 | Razer Dota 2 Tournament,
Reesion,liquipedia_player_infobox.id,Reesion,https://liquipedia.net/dota2/Reesion,resolved_with_player_page_and_ids,high,40602549,76561198000868277 (derived),Reesion,Reesion,David Siekas,,2,The Defense Season 1 | D2E Challenge,player_page_infobox | player_page_account_id,primary_only,The Defense Season 1 | D2E Challenge,
Rexi,tournament_teamcard.observed_name,,,unresolved_name_only,low,,,Rexi,,,,4,The Defense Season 1 | Dota2 Star Championship | Dota2Replays Brawl | joinDOTA Masters I,observed_name_only,primary_with_supplemental,The Defense Season 1 | Dota2Replays Brawl | joinDOTA Masters I,Dota2 Star Championship
RMC,liquipedia_player_infobox.id,RMC,https://liquipedia.net/dota2/RMC,resolved_with_player_page_and_ids,high,86043086,76561198046308814 (derived),RMC,RMC,Philipp Pausewang,,1,joinDOTA Masters I,player_page_infobox | player_page_account_id,primary_only,joinDOTA Masters I,
rmN-,liquipedia_player_infobox.id,RmN-,https://liquipedia.net/dota2/RmN-,resolved_with_player_page_and_ids,high,87197791,76561198047463519 (derived),rmN | rmN-,rmN- | rmN-. | RmN-,Roman Paley,,3,The International 2011 | The Defense Season 1 | joinDOTA Masters I,player_page_infobox | player_page_account_id,primary_with_supplemental,The Defense Season 1 | joinDOTA Masters I,The International 2011
RONIN,tournament_teamcard.observed_name,,,unresolved_name_only,low,,,RONIN,,,,2,Electronic Sports World Cup 2011 | D2E Challenge,observed_name_only,primary_only,Electronic Sports World Cup 2011 | D2E Challenge,
RR,liquipedia_player_infobox.id,RR,https://liquipedia.net/dota2/RR,resolved_with_player_page_and_ids,high,323792491,76561198284058219 (derived),rr | RR,RR | Rr^ | Vincenzo^ | vvvv!,Ralph Richard A. Peñano,,4,WCG Asian Championship 2011 | Malaysia Invitational | The Premier League Season 1 | Razer Dota 2 Tournament,player_page_infobox | player_page_account_id,primary_only,WCG Asian Championship 2011 | Malaysia Invitational | The Premier League Season 1 | Razer Dota 2 Tournament,
Ryze,liquipedia_player_infobox.id,Ryze,https://liquipedia.net/dota2/Ryze,resolved_with_player_page_and_ids,high,26682464,76561197986948192 (derived),Ryze,Ryze,Christoffer Borregaard Winther,,6,The International 2011 | Electronic Sports World Cup 2011 | The Defense Season 1 | DreamHack Winter 2011 | The Premier League Season 1 | D2E Challenge,player_page_infobox | player_page_account_id,primary_with_supplemental,Electronic Sports World Cup 2011 | The Defense Season 1 | DreamHack Winter 2011 | The Premier League Season 1 | D2E Challenge,The International 2011
S0ny,tournament_teamcard.observed_name,,,resolved_with_teamcard_account_id_only,medium,45316897,76561198005582625 (derived),S0ny | s0ny,,,,3,The Defense Season 1 | The Premier League Season 1 | Infused Cup,observed_name_only | manual_override_account_id,primary_only,The Defense Season 1 | The Premier League Season 1 | Infused Cup,
Saga,tournament_teamcard.observed_name,,,resolved_with_teamcard_account_id_only,medium,83431381,76561198043697109 (derived),Saga,,,,1,The Defense Season 1,observed_name_only | manual_override_account_id,primary_only,The Defense Season 1,
Samael,liquipedia_player_infobox.id,Samael,https://liquipedia.net/dota2/Samael,resolved_with_player_page_and_ids,high,351218845,76561198311484573 (derived),Owa,Samael | 5593 | 716 | Owa,Joshua Dela Serna,,5,The International 2011 | WCG Asian Championship 2011 | Malaysia Invitational | The Premier League Season 1 | Razer Dota 2 Tournament,player_page_infobox | player_page_account_id,primary_with_supplemental,WCG Asian Championship 2011 | Malaysia Invitational | The Premier League Season 1 | Razer Dota 2 Tournament,The International 2011
Santa,liquipedia_player_infobox.id,Santa,https://liquipedia.net/dota2/Santa,resolved_with_player_page_and_ids,high,206742513,76561198167008241 (derived),Santa,Santa,Александр Колтан,Alexander Koltan,3,The International 2011 | Dota2 Star Championship | StarLadder StarSeries Season 1,player_page_infobox | player_page_account_id,primary_with_supplemental,StarLadder StarSeries Season 1,The International 2011 | Dota2 Star Championship
scL,tournament_teamcard.observed_name,,,unresolved_name_only,low,,,scL,,,,1,WCG Asian Championship 2011,observed_name_only,primary_only,WCG Asian Championship 2011,
seaking,tournament_teamcard.observed_name,,,unresolved_name_only,low,,,seaking | Seaking,,,,2,The International 2011 | The Premier League Season 1,observed_name_only,primary_with_supplemental,The Premier League Season 1,The International 2011
SexyBamboe,liquipedia_player_infobox.id,SexyBamboe,https://liquipedia.net/dota2/SexyBamboe,resolved_with_player_page_and_ids,high,20321748,76561197980587476 (derived),SexyBamboe,SexyBamboe | Bamboe | kid,Alaan Faraj,,3,The Defense Season 1 | Dota2Replays Brawl | joinDOTA Masters I,player_page_infobox | player_page_account_id,primary_only,The Defense Season 1 | Dota2Replays Brawl | joinDOTA Masters I,
SG-,tournament_teamcard.observed_name,,,unresolved_name_only,low,,,SG- | sG,,,,2,Dota2 Star Championship | Malaysia Invitational,observed_name_only,primary_with_supplemental,Malaysia Invitational,Dota2 Star Championship
Sharky,liquipedia_player_infobox.id,Sharky,https://liquipedia.net/dota2/Sharky,resolved_with_player_page_and_ids,high,89251386,76561198049517114 (derived),Sharky,Sharky,Raymond Wong Kie Yong,,5,The International 2011 | WCG Asian Championship 2011 | The Defense Season 1 | Malaysia Invitational | The Premier League Season 1,player_page_infobox | player_page_account_id,primary_with_supplemental,WCG Asian Championship 2011 | The Defense Season 1 | Malaysia Invitational | The Premier League Season 1,The International 2011
shatan,liquipedia_player_infobox.id,Shatan,https://liquipedia.net/dota2/Shatan,resolved_with_player_page_and_ids,high,34547465,76561197994813193 (derived),Shatan | shatan | blackshatan,shatan | blackshatan | Shatan,Alex Chang,,6,The Defense Season 1 | The Premier League Season 1 | Infused Cup | JeeDota2 Championship #1 | Dota2Replays Brawl | joinDOTA Masters IV,player_page_infobox | teamcard_account_id | player_page_account_id,primary_only,The Defense Season 1 | The Premier League Season 1 | Infused Cup | JeeDota2 Championship #1 | Dota2Replays Brawl | joinDOTA Masters IV,
Sierrar,tournament_teamcard.observed_name,,,resolved_with_teamcard_account_id_only,medium,53500487,76561198013766215 (derived),Sierrar,,,,1,The Defense Season 1,observed_name_only | manual_override_account_id,primary_only,The Defense Season 1,
Silent,liquipedia_player_infobox.id,Silent,https://liquipedia.net/dota2/Silent,resolved_with_player_page_and_ids,high,89269794,76561198049535522 (derived),Silent,Silent | Silent <3 Mila,Айрат Газиев,Airat Gaziev,1,StarLadder StarSeries Season 1,player_page_infobox | player_page_account_id,primary_only,StarLadder StarSeries Season 1,
SingSing,liquipedia_player_infobox.id,SingSing,https://liquipedia.net/dota2/SingSing,resolved_with_player_page_and_ids,high,19757254,76561197980022982 (derived),SingSing,SingSing | WehSing | beaverknight,Wehsing Yuen,,4,The Defense Season 1 | Dota2 Star Championship | Dota2Replays Brawl | joinDOTA Masters I,player_page_infobox | player_page_account_id,primary_with_supplemental,The Defense Season 1 | Dota2Replays Brawl | joinDOTA Masters I,Dota2 Star Championship
SJQ,tournament_teamcard.observed_name,,,unresolved_name_only,low,,,SJQ,,,,2,The International 2011 | The Premier League Season 1,observed_name_only,primary_with_supplemental,The Premier League Season 1,The International 2011
SJQ,tournament_teamcard.observed_name,,,unresolved_name_only,low,,,SJQ,,,,1,joinDOTA Masters IV,teamcard_link | observed_name_only,primary_only,joinDOTA Masters IV,
Skilla,tournament_teamcard.observed_name,,,unresolved_name_only,low,,,Skilla,,,,1,joinDOTA Masters I,observed_name_only,primary_only,joinDOTA Masters I,
Smile,liquipedia_player_infobox.id,ARS-ART,https://liquipedia.net/dota2/ARS-ART,resolved_with_player_page_and_ids,high,89713365 | 107644273,76561198049979093 (derived) | 76561198067910001 (derived),Ars-Art | ARS-ART,Smile | ARS-ART | Cloudy | AA,Сергей Антонович Ревин,Sergey Revin,6,The International 2011 | Electronic Sports World Cup 2011 | The Defense Season 1 | Dota2 Star Championship | The Premier League Season 1 | StarLadder StarSeries Season 1,player_page_infobox | player_page_account_id | manual_override_account_id,primary_with_supplemental,Electronic Sports World Cup 2011 | The Defense Season 1 | The Premier League Season 1 | StarLadder StarSeries Season 1,The International 2011 | Dota2 Star Championship
smulgullig,liquipedia_player_infobox.id,Smulgullig,https://liquipedia.net/dota2/Smulgullig,resolved_with_player_page_and_ids,high,65782028,76561198026047756 (derived),Smulgullig | smulgullig,smulgullig | smulg | Smulgullig,Johan Gidmark,,2,StarLadder StarSeries Season 1 | joinDOTA Masters I,player_page_infobox | player_page_account_id,primary_only,StarLadder StarSeries Season 1 | joinDOTA Masters I,
Sneyking,liquipedia_player_infobox.id,Sneyking,https://liquipedia.net/dota2/Sneyking,resolved_with_player_page_and_ids,high,10366616,76561197970632344 (derived),Sneyking,Sneyking,伍敬俊,Wu Jingjun,1,The Defense Season 1,player_page_infobox | player_page_account_id,primary_only,The Defense Season 1,
Snoop,tournament_teamcard.observed_name,,,unresolved_name_only,low,,,Snoop,,,,1,The Defense Season 1,observed_name_only,primary_only,The Defense Season 1,
Snoopy,liquipedia_player_infobox.id,Snoopy,https://liquipedia.net/dota2/Snoopy,resolved_with_player_page_and_ids,high,87673729,76561198047939457 (derived),Snoopy,Snoopy,Trong Truong,,6,The Defense Season 1 | The Premier League Season 1 | Infused Cup | JeeDota2 Championship #1 | Dota2Replays Brawl | joinDOTA Masters IV,player_page_infobox | teamcard_account_id | player_page_account_id,primary_only,The Defense Season 1 | The Premier League Season 1 | Infused Cup | JeeDota2 Championship #1 | Dota2Replays Brawl | joinDOTA Masters IV,
Sockshka,liquipedia_player_infobox.id,Sockshka,https://liquipedia.net/dota2/Sockshka,resolved_with_player_page_and_ids,high,16769223,76561197977034951 (derived),Sockshka,Sockshka | PARIS,Titouan Merloz,,7,The International 2011 | Electronic Sports World Cup 2011 | The Defense Season 1 | DreamHack Winter 2011 | Dota2 Star Championship | JeeDota2 Championship #1 | joinDOTA Masters I,player_page_infobox | teamcard_account_id | player_page_account_id,primary_with_supplemental,Electronic Sports World Cup 2011 | The Defense Season 1 | DreamHack Winter 2011 | JeeDota2 Championship #1 | joinDOTA Masters I,The International 2011 | Dota2 Star Championship
son1,tournament_teamcard.observed_name,,,unresolved_name_only,low,,,son1,,,,2,Electronic Sports World Cup 2011 | The Defense Season 1,observed_name_only,primary_only,Electronic Sports World Cup 2011 | The Defense Season 1,
Steffstyle,liquipedia_player_infobox.id,Steffstyle,https://liquipedia.net/dota2/Steffstyle,resolved_with_player_page_and_ids,high,86664345,76561198046930073 (derived),Steffstyle,Steffstyle,Staffan Solin,,1,JeeDota2 Championship #1,player_page_infobox | teamcard_account_id | player_page_account_id,primary_only,JeeDota2 Championship #1,
Steva,tournament_teamcard.observed_name,,,unresolved_name_only,low,,,Steva,,,,1,The Defense Season 1,observed_name_only,primary_only,The Defense Season 1,
StOrm,tournament_teamcard.observed_name,,,unresolved_name_only,low,,,StOrm,,,,2,D2E Challenge | joinDOTA Masters I,observed_name_only,primary_only,D2E Challenge | joinDOTA Masters I,
Subrandom,tournament_teamcard.observed_name,,,unresolved_name_only,low,,,Subrandom,,,,1,The Defense Season 1,observed_name_only,primary_only,The Defense Season 1,
suuuuu,tournament_teamcard.observed_name,,,unresolved_name_only,low,,,suuuuu,,,,1,Malaysia Invitational,observed_name_only,primary_only,Malaysia Invitational,
syndereN,liquipedia_player_infobox.id,SyndereN,https://liquipedia.net/dota2/SyndereN,resolved_with_player_page_and_ids,high,4281729,76561197964547457 (derived),syndereN,syndereN | SyndereN,Troels Lyngholt Nielsen,,3,The International 2011 | The Defense Season 1 | DreamHack Winter 2011,player_page_infobox | player_page_account_id,primary_with_supplemental,The Defense Season 1 | DreamHack Winter 2011,The International 2011
Taku,tournament_teamcard.observed_name,,,unresolved_name_only,low,,,Taku,,,,1,The Defense Season 1,observed_name_only,primary_only,The Defense Season 1,
TC,liquipedia_player_infobox.id,TC,https://liquipedia.net/dota2/TC,resolved_with_player_page_and_ids,high,67601693,76561198027867421 (derived),TC,TC,Tyler Cook,,3,The Premier League Season 1 | Infused Cup | Dota2Replays Brawl,player_page_infobox | player_page_account_id,primary_only,The Premier League Season 1 | Infused Cup | Dota2Replays Brawl,
Tha-,tournament_teamcard.observed_name,,,unresolved_name_only,low,,,Tha-,,,,2,WCG Asian Championship 2011 | Malaysia Invitational,observed_name_only,primary_only,WCG Asian Championship 2011 | Malaysia Invitational,
thegame,tournament_teamcard.observed_name,,,unresolved_name_only,low,,,thegame,,,,1,WCG Asian Championship 2011,observed_name_only,primary_only,WCG Asian Championship 2011,
thisisART,tournament_teamcard.observed_name,,,unresolved_name_only,low,,,thisisART,,,,1,Malaysia Invitational,observed_name_only,primary_only,Malaysia Invitational,
Tifa,tournament_teamcard.observed_name,,,unresolved_name_only,low,,,Tifa,,,,1,WCG Asian Championship 2011,observed_name_only,primary_only,WCG Asian Championship 2011,
Time,tournament_teamcard.observed_name,,,unresolved_name_only,low,,,Time,,,,1,Malaysia Invitational,observed_name_only,primary_only,Malaysia Invitational,
TnK,liquipedia_player_infobox.id,TnK,https://liquipedia.net/dota2/TnK,resolved_with_player_page_and_ids,high,45614257,76561198005879985 (derived),TnK,TnK,Trai Akaravinak,,4,The International 2011 | The Defense Season 1 | Malaysia Invitational | joinDOTA Masters IV,player_page_infobox | player_page_account_id,primary_with_supplemental,The Defense Season 1 | Malaysia Invitational | joinDOTA Masters IV,The International 2011
ToFu,tournament_teamcard.observed_name,,,unresolved_name_only,low,,,ToFu | Tofu,,,,2,The International 2011 | The Defense Season 1,teamcard_link | observed_name_only,primary_with_supplemental,The Defense Season 1,The International 2011
TooFuckingGood,liquipedia_player_infobox.id,TooFuckingGood,https://liquipedia.net/dota2/TooFuckingGood,resolved_with_player_page_and_ids,high,91143798,76561198051409526 (derived),TooFuckingGood,TooFuckingGood | TFG,,Daniel Wong Wei Khit,4,WCG Asian Championship 2011 | The Defense Season 1 | Malaysia Invitational | The Premier League Season 1,player_page_infobox | player_page_account_id,primary_only,WCG Asian Championship 2011 | The Defense Season 1 | Malaysia Invitational | The Premier League Season 1,
Trixi,liquipedia_player_infobox.id,Trixi,https://liquipedia.net/dota2/Trixi,resolved_with_player_page_and_ids,high,8712306,76561197968978034 (derived),Trixi,Trixi,Kalle Saarinen,,4,The Defense Season 1 | Dota2 Star Championship | Dota2Replays Brawl | joinDOTA Masters I,player_page_infobox | player_page_account_id,primary_with_supplemental,The Defense Season 1 | Dota2Replays Brawl | joinDOTA Masters I,Dota2 Star Championship
Tulex,liquipedia_player_infobox.id,Tulex,https://liquipedia.net/dota2/Tulex,resolved_with_player_page_and_ids,high,9230085,76561197969495813 (derived),Tulex,Tulex,Michal Zima,,3,The International 2011 | Electronic Sports World Cup 2011 | The Defense Season 1,player_page_infobox | player_page_account_id,primary_with_supplemental,Electronic Sports World Cup 2011 | The Defense Season 1,The International 2011
Tung con,tournament_teamcard.observed_name,,,unresolved_name_only,low,,,Tung con,,,,1,WCG Asian Championship 2011,observed_name_only,primary_only,WCG Asian Championship 2011,
Tzar,tournament_teamcard.observed_name,,,resolved_with_teamcard_account_id_only,medium,32895399,76561197993161127 (derived),Tzar,,,,1,The Defense Season 1,observed_name_only | manual_override_account_id,primary_only,The Defense Season 1,
Universe,liquipedia_player_infobox.id,Universe,https://liquipedia.net/dota2/Universe,resolved_with_player_page_and_ids,high,87276347,76561198047542075 (derived),UNiVeRsE,Universe | UNiVeRsE,Saahil Arora,,2,The International 2011 | The Defense Season 1,player_page_infobox | player_page_account_id,primary_with_supplemental,The Defense Season 1,The International 2011
Vigoss,liquipedia_player_infobox.id,Vigoss,https://liquipedia.net/dota2/Vigoss,resolved_with_player_page_and_ids,high,87219396,76561198047485124 (derived),Vigoss,Vigoss | vVv | Tratata,Иван Шинкарёв,Ivan Shinkarev,2,Electronic Sports World Cup 2011 | StarLadder StarSeries Season 1,player_page_infobox | player_page_account_id,primary_only,Electronic Sports World Cup 2011 | StarLadder StarSeries Season 1,
Ville,tournament_teamcard.observed_name,,,resolved_with_teamcard_account_id_only,medium,32032994,76561197992298722 (derived),Ville,,,,1,JeeDota2 Championship #1,teamcard_account_id,primary_only,JeeDota2 Championship #1,
Vinny,tournament_teamcard.observed_name,,,unresolved_name_only,low,,,Vinny,,,,2,Electronic Sports World Cup 2011 | DreamHack Winter 2011,observed_name_only,primary_only,Electronic Sports World Cup 2011 | DreamHack Winter 2011,
Wagamama,liquipedia_player_infobox.id,Wagamama,https://liquipedia.net/dota2/Wagamama,resolved_with_player_page_and_ids,high,32995405,76561197993261133 (derived),Wagamama,Wagamama | Waga,Niklas Högström,,2,The Defense Season 1 | D2E Challenge,player_page_infobox | player_page_account_id,primary_only,The Defense Season 1 | D2E Challenge,
walleater,tournament_teamcard.observed_name,,,resolved_with_teamcard_account_id_only,medium,88502795,76561198048768523 (derived),walleater,,,,1,The Defense Season 1,observed_name_only | manual_override_account_id,primary_only,The Defense Season 1,
Warlog,liquipedia_player_infobox.id,Warlog,https://liquipedia.net/dota2/Warlog,resolved_with_player_page_and_ids,high,98151311,76561198058417039 (derived),Warlog,Warlog,Martin Zima,,2,The International 2011 | Electronic Sports World Cup 2011,player_page_infobox | player_page_account_id,primary_with_supplemental,Electronic Sports World Cup 2011,The International 2011
Waytosexy,liquipedia_player_infobox.id,Waytosexy,https://liquipedia.net/dota2/Waytosexy,resolved_with_player_page_and_ids,high,38515149,76561197998780877 (derived),waytosexy,Waytosexy | wayto,Peter Nguyễn,,1,The Defense Season 1,player_page_infobox | player_page_account_id,primary_only,The Defense Season 1,
Winklaar,tournament_teamcard.observed_name,,,unresolved_name_only,low,,,Winklaar,,,,1,DreamHack Winter 2011,observed_name_only,primary_only,DreamHack Winter 2011,
WinteR,liquipedia_player_infobox.id,WinteR,https://liquipedia.net/dota2/WinteR,resolved_with_player_page_and_ids,high,86762037,76561198047027765 (derived),WinteR,WinteR,,Chan Litt Binn,4,Electronic Sports World Cup 2011 | Malaysia Invitational | Razer Dota 2 Tournament | joinDOTA Masters IV,player_page_infobox | player_page_account_id,primary_only,Electronic Sports World Cup 2011 | Malaysia Invitational | Razer Dota 2 Tournament | joinDOTA Masters IV,
Wootz,tournament_teamcard.observed_name,,,unresolved_name_only,low,,,Wootz | wootz,,,,5,The International 2011 | WCG Asian Championship 2011 | Malaysia Invitational | The Premier League Season 1 | Razer Dota 2 Tournament,observed_name_only,primary_with_supplemental,WCG Asian Championship 2011 | Malaysia Invitational | The Premier League Season 1 | Razer Dota 2 Tournament,The International 2011
xaiobai,tournament_teamcard.observed_name,,,unresolved_name_only,low,,,xaiobai,,,,1,Electronic Sports World Cup 2011,observed_name_only,primary_only,Electronic Sports World Cup 2011,
XBOCT,liquipedia_player_infobox.id,XBOCT,https://liquipedia.net/dota2/XBOCT,resolved_with_player_page_and_ids,high,89625472,76561198049891200 (derived),XBOCT,XBOCT | Hvost | Sasha Grey | Xbox | 4 | XBOCTloveslakshmi,Олександр Дашкевич,Oleksandr Dashkevych,6,The International 2011 | Electronic Sports World Cup 2011 | The Defense Season 1 | Dota2 Star Championship | The Premier League Season 1 | StarLadder StarSeries Season 1,player_page_infobox | player_page_account_id,primary_with_supplemental,Electronic Sports World Cup 2011 | The Defense Season 1 | The Premier League Season 1 | StarLadder StarSeries Season 1,The International 2011 | Dota2 Star Championship
xFreedom,liquipedia_player_infobox.id,XFreedom,https://liquipedia.net/dota2/XFreedom,resolved_with_player_page_and_ids,high,82630959,76561198042896687 (derived),xFreedom,xFreedom | XFreedom,Nicholas Kelvin Ileto Lim,,2,Malaysia Invitational | joinDOTA Masters IV,player_page_infobox | player_page_account_id,primary_only,Malaysia Invitational | joinDOTA Masters IV,
XGLB,tournament_teamcard.observed_name,,,unresolved_name_only,low,,,XGLB,,,,1,Malaysia Invitational,observed_name_only,primary_only,Malaysia Invitational,
xMusiCa,liquipedia_player_infobox.id,XMusiCa,https://liquipedia.net/dota2/XMusiCa,resolved_with_player_page_and_ids,high,89001276,76561198049267004 (derived),xMusica | MusiCa | xMusiCa,xMusiCa | MusiCa | XMusiCa,Justin Yuen,,7,The Defense Season 1 | Malaysia Invitational | The Premier League Season 1 | Infused Cup | JeeDota2 Championship #1 | Dota2Replays Brawl | joinDOTA Masters IV,player_page_infobox | teamcard_account_id | player_page_account_id,primary_only,The Defense Season 1 | Malaysia Invitational | The Premier League Season 1 | Infused Cup | JeeDota2 Championship #1 | Dota2Replays Brawl | joinDOTA Masters IV,
XoYnoZnU,tournament_teamcard.observed_name,,,resolved_with_teamcard_account_id_only,medium,40602425,76561198000868153 (derived),XoYnoZnU,,,,1,JeeDota2 Championship #1,teamcard_account_id,primary_only,JeeDota2 Championship #1,
XtiNcT,liquipedia_player_infobox.id,XtiNcT,https://liquipedia.net/dota2/XtiNcT,resolved_with_player_page_and_ids,high,89330493,76561198049596221 (derived),XtincT | XtiNcT,XtiNcT | X,陈赞良,Joel Chan Zhan Leong,4,Electronic Sports World Cup 2011 | Malaysia Invitational | Razer Dota 2 Tournament | joinDOTA Masters IV,player_page_infobox | player_page_account_id,primary_only,Electronic Sports World Cup 2011 | Malaysia Invitational | Razer Dota 2 Tournament | joinDOTA Masters IV,
Xul-,tournament_teamcard.observed_name,,,unresolved_name_only,low,,,Xul-,,,,1,WCG Asian Championship 2011,observed_name_only,primary_only,WCG Asian Championship 2011,
xv,tournament_teamcard.observed_name,,,unresolved_name_only,low,,,xv,,,,1,Malaysia Invitational,observed_name_only,primary_only,Malaysia Invitational,
xy-,liquipedia_player_infobox.id,Xy-,https://liquipedia.net/dota2/Xy-,resolved_with_player_page_and_ids,high,85417034,76561198045682762 (derived),Xy- | xy-,xy- | Xy-,Toh Wai Hong,,3,The International 2011 | The Defense Season 1 | joinDOTA Masters IV,player_page_infobox | player_page_account_id,primary_with_supplemental,The Defense Season 1 | joinDOTA Masters IV,The International 2011
Y2K,tournament_teamcard.observed_name,,,unresolved_name_only,low,,,Y2K,,,,1,WCG Asian Championship 2011,observed_name_only,primary_only,WCG Asian Championship 2011,
YamateH,liquipedia_player_infobox.id,YamateH,https://liquipedia.net/dota2/YamateH,resolved_with_player_page_and_ids,high,121052479,76561198081318207 (derived),YamateH,YamateH | Y-God | NWP | MAG.NWP,黄苇宏,Ng Wei Poong,3,The Defense Season 1 | Malaysia Invitational | Razer Dota 2 Tournament,player_page_infobox | player_page_account_id,primary_only,The Defense Season 1 | Malaysia Invitational | Razer Dota 2 Tournament,
Yellow,tournament_teamcard.observed_name,,,unresolved_name_only,low,,,Yellow,,,,1,The Defense Season 1,observed_name_only,primary_only,The Defense Season 1,
Yozup,tournament_teamcard.observed_name,,,unresolved_name_only,low,,,Yozup,,,,2,Electronic Sports World Cup 2011 | DreamHack Winter 2011,observed_name_only,primary_only,Electronic Sports World Cup 2011 | DreamHack Winter 2011,
ZanQTreeS,tournament_teamcard.observed_name,,,unresolved_name_only,low,,,ZanQTreeS,,,,1,Razer Dota 2 Tournament,observed_name_only,primary_only,Razer Dota 2 Tournament,
Zizou,liquipedia_player_infobox.id,Zizou,https://liquipedia.net/dota2/Zizou,resolved_with_player_page_and_ids,high,27005611,76561197987271339 (derived),Zizou | zizou,Zizou,Andrei Zisu,,4,The Defense Season 1 | The Premier League Season 1 | Infused Cup | joinDOTA Masters I,player_page_infobox | player_page_account_id,primary_only,The Defense Season 1 | The Premier League Season 1 | Infused Cup | joinDOTA Masters I,
